episode,total_score,q_size
1,-0.7959706959706168,7
2,-8.08742138364776,17
3,-9.965771812080463,27
4,-4.737681159420239,35
5,-5.635168195718613,51
6,-9.194076655052193,60
7,2.5086956521738473,69
8,-9.965771812080463,70
9,-6.290476190476131,77
10,-9.047368421052575,80
11,4.5153846153844714,83
12,-12.55614035087712,89
13,-9.965771812080463,95
14,6.530036630036493,100
15,-9.410344827586139,104
16,-12.02771084337342,106
17,-13.652631578947297,110
18,-14.856097560975536,114
19,-12.04945848375444,116
20,5.333070866141785,126
21,84.59534050179218,128
22,41.08644067796573,136
23,49.61014492753634,138
24,49.445454545454325,138
25,1.7021201413427927,138
26,32.60627062706253,141
27,0.9344827586207748,145
28,-8.04117647058817,155
29,18.04814814814812,156
30,6.5666666666665545,170
31,-7.298697068403868,174
32,-6.045017182130547,174
33,9.77730061349703,176
34,3.3346504559270795,178
35,-0.5918032786885132,178
36,1.8148936170212133,190
37,-12.738888888888816,191
38,-12.79896193771619,191
39,-12.917869415807488,191
40,-6.570588235294094,192
41,-12.43215547703173,192
42,-14.948484848484776,192
43,-8.439350180505357,194
44,-13.377591973244074,195
45,-15.39411764705875,195
46,-5.878546712802773,202
47,-3.3441471571906427,203
48,-2.9813559322034178,203
49,1.0284046692607705,203
50,15.16748971193382,206
51,-10.619480519480446,206
52,-10.930670926517498,206
53,-11.984057971014419,206
54,-3.7842105263157966,208
55,-15.219047619047545,208
56,3.3448160535117126,210
57,-6.933976833976798,210
58,-3.163973063972987,214
59,9.899999999999803,230
60,5.194117647058738,233
61,11.566666666666409,233
62,36.3335664335662,235
63,98.57647058823632,241
64,45.712274368230844,241
65,41.32857142857108,243
66,91.67121771217808,246
67,20.07921146953378,252
68,-3.2800766283524396,257
69,12.207692307692039,264
70,17.0380471380468,271
71,2.508695652173911,272
72,25.45555555555545,272
73,4.600315457413273,272
74,50.05267175572496,272
75,51.989552238806276,272
76,123.15670498084395,275
77,152.04285714285817,284
78,8.214176245210835,284
79,31.124489795918336,285
80,34.08918918918909,285
81,-10.099999999999927,285
82,8.094444444444257,287
83,37.38466257668679,287
84,35.32056074766324,287
85,32.399999999999636,287
86,28.723529411764353,289
87,38.99090909090874,291
88,6.444850498338969,291
89,50.052671755725214,291
90,41.81780821917774,291
91,44.36808510638267,291
92,123.47142857142964,294
93,24.916181229773116,294
94,19.744236760124274,295
95,155.55400843881966,306
96,39.83006993006956,306
97,-6.127397260273975,306
98,5.383870967741791,306
99,0.7219178082192198,306
100,7.6358490566038775,307
101,-8.281818181818114,310
102,4.5153846153847255,312
103,6.1318840579710905,314
104,8.659689922480684,314
105,6.001083032490918,316
106,-9.120979020978963,316
107,-2.3222222222221425,316
108,-7.372727272727241,316
109,-14.948484848484776,318
110,-4.364705882352949,319
111,-10.930670926517498,319
112,2.054340836012761,325
113,-8.495061728394997,326
114,-13.488704318936804,328
115,54.19118773946405,328
116,41.598113207546824,328
117,42.8166666666663,328
118,145.39668874172293,330
119,36.5666666666663,330
120,36.12516556291354,330
121,53.90000000000048,330
122,137.7082191780831,339
123,46.82307692307687,339
124,-3.870491803278717,340
125,-2.2362229102167097,340
126,6.323841059602726,340
127,10.033779264214132,347
128,12.302826855123763,349
129,-5.365017667844452,352
130,10.792193308550262,352
131,47.390774907748835,352
132,49.32238267148025,352
133,105.35816733067848,353
134,35.906600660065635,353
135,51.61206225680961,353
136,44.36808510638263,353
137,-7.795167286245318,353
138,-6.530976430976411,354
139,-6.209215017064835,354
140,4.60031545741334,354
141,7.517554858934263,358
142,-1.7088328075709571,358
143,-10.298019801980125,358
144,-12.858620689655098,359
145,-2.4183391003460386,362
146,-3.7842105263157575,362
147,-6.610067114093891,365
148,15.999290780141573,370
149,-5.010394265232906,388
150,-2.7027397260274486,388
151,7.244398340248829,390
152,-7.458490566037693,400
153,-9.897979797979724,402
154,-2.4076923076922547,403
155,-11.918181818181745,404
156,-1.6302491103203567,408
157,-11.466459627329126,408
158,-10.869230769230697,408
159,-8.439350180505375,417
160,-8.973239436619654,417
161,-11.63846153846148,417
162,-4.293548387096813,421
163,4.088034188034211,424
164,-14.426018808777357,424
165,2.2624595469254727,426
166,-6.371186440677924,426
167,10.168456375838757,432
168,-0.5797047970480389,432
169,4.865034965034841,432
170,15.801639344261975,436
171,-8.224999999999941,436
172,3.9909090909092018,436
173,-14.226984126984055,436
174,-11.649815498154908,437
175,-6.451351351351345,438
176,-13.377591973244074,438
177,-12.43215547703173,438
178,-1.6189873417722114,440
179,-11.01603053435107,440
180,2.2741007194243847,440
181,-11.30300751879692,440
182,-5.538596491228082,441
183,-1.6302491103203531,445
184,-12.494366197183025,445
185,-13.598349834983425,445
186,-8.973239436619663,445
187,3.3728033472801777,451
188,-7.0230769230769,451
189,-15.81428571428564,451
190,-13.150847457627046,451
191,-13.321476510067042,451
192,-13.652631578947297,451
193,-6.688628762541796,452
194,-7.458490566037661,453
195,16.163345195729253,459
196,-12.97671232876705,459
197,-11.232075471698039,459
198,-13.208108108108034,467
199,-2.2254355400697525,467
200,-2.756250000000058,468
201,-11.373408239700302,471
202,-12.494366197183025,471
203,-11.30300751879692,471
204,-7.877777777777719,471
205,9.767109634551437,476
206,-10.93067092651752,479
207,-4.920143884892097,479
208,-8.20218978102185,479
209,-9.481443298969005,479
210,-8.671428571428518,479
211,27.04285714285702,498
212,-8.281818181818108,498
213,-3.2543624161073126,498
214,-8.041176470588198,498
215,8.214176245210655,500
216,3.798305084745611,508
217,-10.72015503875962,508
218,-2.0298245614035704,510
219,-10.16644518272418,510
220,0.764197530864111,514
221,-4.269741697416993,514
222,11.137113402061575,532
223,-9.552054794520485,533
224,11.566666666666434,539
225,-4.645454545454566,540
226,-15.649132947976804,542
227,-12.114388489208562,543
228,-13.652631578947297,546
229,-10.794980694980623,546
230,-0.7959706959707713,547
231,-12.97671232876705,547
232,-12.55614035087712,547
233,-15.307100591715903,547
234,-5.709756097560922,549
235,0.318250950570253,550
236,11.7118466898954,554
237,-3.1769230769231327,556
238,0.9734463276836599,556
239,28.20903790087428,556
240,93.18767123287782,558
241,38.22298136645929,558
242,29.96006006005971,558
243,44.36808510638267,558
244,56.54259927797899,558
245,70.59444444444553,571
246,38.527450980391826,571
247,39.89999999999967,571
248,132.77878787878896,573
249,39.206930693068934,573
250,13.807936507937256,577
251,-4.703174603174578,577
252,-5.794444444444396,577
253,-0.24925373134326226,577
254,34.62491909385082,577
255,12.258064516129508,578
256,42.8166666666663,578
257,34.002564102563746,578
258,41.074377224198926,578
259,37.64193548387062,578
260,-0.128782287822105,579
261,-10.869230769230711,579
262,1.4789473684210637,579
263,-110.33515358361768,579
264,-11.052380952380881,579
265,-3.8827715355805443,581
266,-5.099999999999999,582
267,-8.671428571428525,582
268,0.9077519379843993,588
269,-7.519354838709626,588
270,-8.121978021977986,588
271,-11.466459627329119,588
272,-6.5309764309764144,589
273,-6.0358288770053115,589
274,-9.410344827586144,589
275,0.3182509505703791,589
276,-9.266666666666609,589
277,-13.150847457627046,589
278,-13.488704318936804,590
279,-13.264983164983091,590
280,-14.474999999999927,590
281,-13.150847457627046,590
282,-14.32712933753936,590
283,-13.433333333333259,590
284,-11.581481481481408,590
285,-10.942911877394563,590
286,-11.717647058823458,590
287,-9.857085020242849,590
288,-11.638461538461465,590
289,-11.172555205047246,590
290,-8.36086956521734,590
291,-14.022829581993497,590
292,-10.80739549839221,591
293,8.496491228069956,591
294,-12.135928143712501,591
295,-13.598349834983425,591
296,4.0296928327643755,591
297,-8.281818181818139,591
298,-9.120979020978947,592
299,-10.427868852458943,592
300,-9.691836734693812,592
1,16.722742474916185,594
2,-7.286311787072215,594
3,-7.1491803278688035,595
4,0.10134228187911948,595
5,-15.522740524781268,595
6,10.272670807453434,595
7,9.899999999999963,596
8,-7.446278317152061,596
9,-3.072972972972983,596
10,-8.517266187050287,596
11,22.073913043478104,596
12,-9.410344827586133,596
13,-8.087421383647724,596
14,-0.9029197080291123,598
15,0.10134228187917987,598
16,8.238658146964914,598
17,3.344816053511613,598
18,8.227526132404034,598
19,10.341176470588321,600
20,17.345255474452195,609
21,42.06494845360819,609
22,13.089368770764128,609
23,-4.645454545454555,609
24,-0.10000000000000064,609
25,3.9136054421767716,610
26,-6.610067114093937,610
27,3.862264150943296,610
28,-1.831448763250955,612
29,-12.348520710059098,613
30,-3.707038123167099,613
31,-0.3602230483270472,613
32,7.754889589905439,615
33,-10.16644518272418,615
34,-4.0413680781758465,615
35,1.646031746031646,616
36,4.382758620689666,616
37,37.27588652482236,616
38,-6.997689768976825,616
39,-0.6882352941175626,619
40,-6.921192052980098,623
41,37.24006734006706,624
42,15.196167247386827,624
43,47.36478873239414,624
44,36.34518272425215,624
45,45.9869565217388,624
46,-8.224999999999927,624
47,15.038888888888764,625
48,5.383870967741805,626
49,-3.7070381231671523,626
50,32.399999999999785,629
51,-7.29869706840385,630
52,2.3675324675325147,630
53,115.79665653495498,635
54,23.471428571428216,636
55,10.792193308550296,636
56,10.03377926421405,636
57,52.944982698961645,642
58,27.92047781569942,642
59,142.8957805907184,645
60,40.134113712374216,645
61,31.54383561643815,645
62,-3.163973063972987,649
63,36.10209059233415,649
64,32.774251497005835,649
65,-2.968217054263587,649
66,-6.911594202898506,649
67,2.9033003300329203,652
68,-9.266666666666593,653
69,43.070731707316725,654
70,43.32657342657332,654
71,39.89999999999967,654
72,41.56123778501594,654
73,43.160073260072934,654
74,10.716326530612346,654
75,5.614285714285813,654
76,7.314965986394368,654
77,-13.706557377049107,659
78,36.125165562913544,659
79,27.592307692307394,664
80,29.379553903345375,664
81,-10.099999999999925,664
82,-9.194076655052191,664
83,6.530036630036468,665
84,1.8488817891374554,665
85,3.1225913621263373,665
86,-3.0729729729729263,668
87,-8.360869565217333,668
88,-13.293277310924298,669
89,-4.540894568690101,669
90,-3.684905660377373,669
91,-5.7097560975609785,669
92,-7.458490566037675,669
93,18.919607843136923,669
94,52.63381294964003,670
95,43.07073170731697,670
96,43.58421052631545,670
97,46.263636363636024,674
98,37.46756756756722,674
99,49.32238267147981,674
100,27.139057239057298,674
101,28.927777777777415,674
102,6.93703703703712,674
103,2.903300330033075,674
104,3.862264150943491,678
105,-5.452112676056299,678
106,16.411627906976438,679
107,-7.149180327868779,685
108,-8.20218978102184,688
109,-9.266666666666596,688
110,-11.918181818181745,688
111,-6.290476190476122,688
112,96.83498452012438,689
1,23.5912751677852,691
2,-0.6014749262536064,691
3,13.378260869564953,691
4,21.62413793103412,695
5,3.2333333333334213,697
6,36.56666666666665,697
7,48.75304659498192,697
8,43.974074074073705,697
9,26.079775280898776,697
10,20.798203592814097,697
11,44.52686567164145,697
12,26.934220532319095,697
13,11.253383458646724,697
14,4.743205574912759,697
15,-5.099999999999961,698
16,-2.702739726027319,698
17,29.83690851734999,698
18,9.900000000000105,698
19,23.954054054053906,698
20,1.8999999999998929,698
21,2.9578512396693175,698
22,30.409554140127355,698
23,0.10134228187917987,698
24,28.723529411764417,698
25,30.026582278480653,698
26,5.965573770491654,698
27,30.506060606060267,703
28,10.640740740740851,703
29,51.989552238805786,703
30,6.444850498338713,704
31,96.05384615384646,704
32,29.502649006622164,708
33,-6.5309764309764144,708
34,49.610144927536,708
35,-8.49506172839499,708
36,6.689297658862948,710
37,22.70528052805271,710
38,2.3675324675325675,710
39,7.062162162162249,710
40,-6.766666666666591,710
41,-6.688628762541761,710
42,-5.962068965517176,710
43,19.435603715170178,711
44,-5.021630094043816,711
45,-0.39702970297020856,711
46,9.611191335740163,711
47,-0.10000000000005793,711
48,-5.452112676056265,716
49,-0.24925373134320775,716
50,-5.709756097560904,716
51,0.8278350515463695,716
52,-4.8634069400630375,722
53,4.649034749034804,723
54,1.0418685121106899,723
55,-3.1639730639730685,723
56,-4.4589743589742845,723
57,-10.099999999999925,729
58,1.9512820512819604,730
59,21.446391752577295,730
60,-6.844186046511595,730
61,-9.829729729729655,730
62,-5.3650176678444605,730
63,-6.290476190476184,730
64,-4.458974358974363,730
65,-9.622184300341225,730
66,-11.862917933130625,730
67,-7.877777777777734,731
68,-8.823404255319078,741
69,36.35569620253132,741
70,37.240067340067014,741
71,39.66744186046476,741
72,33.924390243902096,741
73,-3.882771535580541,744
74,-4.645454545454541,744
75,-8.495061728395012,744
76,-11.649815498154908,744
77,2.2741007194244993,745
78,-12.04945848375444,745
79,34.208681672025676,745
80,47.67777777777758,745
81,38.08181818181782,745
82,53.56533864541837,745
83,41.84244604316514,745
84,11.409433962263886,745
85,5.742293906809897,750
86,15.95263157894726,753
87,9.045907473309715,753
88,-7.073684210526249,753
89,-13.598349834983425,753
90,156.0313868613145,753
91,43.84366197183071,753
92,33.59426751592323,753
93,-6.688628762541754,762
94,6.812751677852454,762
95,14.945045045045154,762
96,-5.794444444444386,762
97,13.221299638989088,773
98,-8.15642633228833,773
99,2.579738562091603,773
100,-4.9201438848920205,773
101,5.269774919614218,775
102,-2.5137931034482413,775
103,-11.232075471698044,775
104,-12.081981981981908,777
105,-3.382442748091647,779
106,-13.813355048859862,789
107,-8.439350180505368,789
108,-11.291222570532844,789
109,34.18571428571433,792
110,36.77898089171941,792
111,15.999290780141488,792
112,41.328571428571074,792
113,10.341176470587984,792
114,6.937037037037049,792
115,-7.372727272727209,792
116,-4.8634069400630615,792
117,14.344444444444173,792
118,-8.360869565217318,792
119,1.258885017421635,792
120,1.3685314685314016,792
121,-7.2863117870721865,792
122,2.988235294117509,797
123,1.149999999999888,798
124,12.946357615894085,805
125,-2.029824561403462,807
126,-5.538596491228082,807
127,-7.29869706840385,807
128,-8.517266187050287,807
129,-5.332198142414827,810
130,57.35247148289037,810
131,38.30390879478793,810
132,58.867971530249335,810
133,36.35569620253129,810
134,39.5864111498254,810
135,47.10588235294103,810
136,43.07073170731668,810
137,7.69571984435882,817
138,19.744236760124274,817
139,-1.731205673758885,817
140,27.224840764330914,820
141,-0.5797047970480069,820
142,-4.077695167286262,822
143,-9.204477611940225,822
144,161.78191881918912,825
145,34.60588235294084,825
146,15.080722891565923,825
147,0.9559006211179361,825
148,6.823076923077021,825
149,-5.452112676056265,825
150,13.650000000000073,825
151,9.045907473309642,827
152,64.95703422053336,827
153,-10.492156862745025,827
154,-4.269741697416917,827
155,-6.530976430976386,827
156,-7.242857142857083,827
157,-12.369503546099219,827
158,20.214465408804784,827
159,0.434351145038234,827
160,1.8148936170211636,827
161,23.411705685618372,827
162,52.577165354330965,827
163,58.88305084745839,827
164,40.13411371237423,827
165,37.46756756756722,827
166,42.31379310344796,827
167,50.22128514056188,827
168,-4.269741697417,828
169,-0.47037037037031737,828
170,49.21034482758602,828
171,41.81780821917775,828
172,50.48608058608079,828
173,41.842446043165126,828
174,44.80636704119815,828
175,1.5455696202532212,828
176,32.183737024221266,829
177,8.769257950529939,831
178,30.14096385542164,833
179,-7.948101265822727,833
180,11.137113402061763,833
181,34.515384615384306,833
182,38.52745098039182,833
183,39.436423841059224,833
184,38.081818181817795,833
185,38.86551724137896,833
186,48.47142857142842,833
187,45.439568345323536,833
188,48.47142857142859,833
189,80.58702290076451,837
190,28.723529411764332,839
191,11.858041958042058,839
192,-1.8314487632508307,839
193,-5.099999999999972,839
194,11.409433962264178,839
195,-7.446278317152036,839
196,-6.290476190476156,840
197,21.37058823529382,844
198,-8.156426332288353,844
199,-13.97096774193541,844
200,3.2333333333331886,844
201,-1.831448763250948,844
202,-10.298019801980125,844
203,-4.125974025974054,844
204,42.627272727272334,844
205,44.10494699646606,844
206,36.7789808917194,844
207,42.81666666666629,844
208,46.823076923076755,844
209,35.47377049180295,844
210,40.82198581560247,844
211,5.498705501617966,844
212,-2.5137931034483274,844
213,9.900000000000112,844
214,25.87014925373131,844
215,18.511111111111166,844
216,-3.3441471571905628,844
217,-10.298019801980125,844
218,-8.36086956521733,844
219,-12.189552238805897,844
220,23.86825396825364,844
221,-6.708187134502852,845
222,4.146575342465619,845
223,-10.298019801980125,846
224,83.04984709480243,878
225,34.835064935064565,878
226,44.249442379181886,878
227,41.32857142857104,878
228,38.752459016393125,879
229,94.12360248447312,886
230,41.57235494880512,886
231,14.843820224718762,886
232,-3.4333333333333664,886
233,5.965573770491668,886
234,-0.2492537313433321,886
235,12.38366013071906,886
236,6.9370370370371415,886
237,4.743205574912949,886
238,13.818918918918977,886
239,36.34518272425213,888
240,-1.8314487632508307,888
241,23.772053872053526,888
242,5.111267605633634,888
243,-1.8868338557994246,888
244,2.274100719424342,888
245,65.92649006622537,901
246,-5.624475524475518,901
247,15.207443365695461,913
248,2.0428571428571036,913
249,-2.7027397260274273,913
250,81.84029850746346,913
251,11.098501872659185,913
252,-3.0729729729729938,913
253,-8.360869565217326,913
254,-6.997689768976834,914
255,97.10848056537203,914
256,100.77248322147769,914
257,38.15938566552869,914
258,54.93401360544265,918
259,87.75714285714388,918
260,41.07437722419891,918
261,18.851048951049016,918
262,3.6078651685394174,918
263,-9.481443298969,918
264,28.119178082191635,918
265,-6.844186046511609,918
266,17.35762711864382,918
267,2.473289902280193,918
268,36.67735849056686,924
269,4.502076124567322,925
270,-3.254362416107419,925
271,-5.408641975308599,925
272,144.14242424242505,928
273,44.633096085408965,928
274,40.63954983922797,928
275,50.35977011494274,928
276,48.191814946619196,928
277,33.85348837209268,928
278,83.87058823529522,929
279,27.139057239056918,934
280,-2.6085910652920807,934
281,11.169841269841298,934
282,17.82332268370602,934
283,-3.5219269102989528,934
284,94.90000000000086,934
285,71.34927536231993,934
286,60.809090909091736,934
287,41.817808219177735,934
288,42.0649484536079,934
289,40.13411371237422,934
290,30.506060606060267,934
291,11.409433962264185,934
292,15.52737642585562,934
293,153.80804597701248,940
294,32.1837370242211,940
295,49.32238267148029,940
296,44.985324232081716,940
297,34.71481481481446,940
298,32.793081761005965,940
299,136.56666666666774,947
300,33.92439024390206,947
301,34.71481481481445,947
302,46.823076923076606,947
303,2.5409495548962164,947
304,4.49119496855354,947
305,2.5086956521740116,947
306,6.664705882352992,947
307,-4.703174603174611,947
308,-7.4462783171520535,947
309,-9.965771812080463,947
310,-7.1992366412213045,948
311,16.56666666666638,948
312,20.4050505050506,948
313,60.50402684563846,950
314,-45.46862745098026,951
315,0.4084745762710955,951
316,2.5086956521737904,951
317,2.9033003300328777,951
318,15.877011494252944,951
319,-3.5219269102989723,951
320,-6.844186046511606,951
321,21.56051660516571,953
322,2.6272727272726195,953
323,26.50377358490531,953
324,-4.552554744525571,953
325,2.988235294117516,953
326,-9.047368421052575,953
327,30.10066889632094,955
328,-3.7842105263158143,955
329,0.10134228187911948,955
330,2.8670329670328503,955
331,-11.984057971014419,955
332,-1.1144927536231017,955
333,-6.7081871345028805,956
334,0.00033444816060071436,956
335,2.262459546925638,956
336,38.9909090909087,956
337,39.667441860464756,956
338,57.400000000000716,956
339,31.529577464789526,957
340,3.9136054421767255,957
341,120.4376344086031,962
342,-9.266666666666607,962
343,0.2951367781154719,962
344,7.635849056603572,962
345,17.51904761904725,963
346,-0.6014749262537432,963
347,3.798305084745618,963
348,3.8506172839504904,963
349,6.2036303630361225,963
350,7.517554858933993,973
351,2.367532467532358,973
352,4.743205574912723,973
353,-10.682524271844587,973
354,-7.372727272727227,973
355,-8.671428571428514,975
356,-11.291222570532844,975
357,-12.90802292263603,975
358,-2.7962457337884383,980
359,96.38221343873572,981
360,6.26363636363644,981
361,22.017263843648237,981
362,37.240067340067014,981
363,27.301812688821407,981
364,20.996226415094924,988
365,1.928469750889739,989
366,20.259712230215477,1006
367,-6.003614457831284,1006
368,-10.930670926517498,1006
369,1.5901408450703882,1006
370,21.560516605165695,1006
371,-2.43201581027672,1006
372,-9.047368421052575,1006
373,-0.1000000000000757,1006
374,23.471428571428213,1010
375,42.363768115941674,1011
376,-7.877777777777723,1011
377,-13.093197278911493,1011
378,-9.829729729729655,1011
379,20.05673981191189,1013
380,-5.962068965517172,1013
381,-6.045017182130575,1013
382,-9.965771812080465,1013
383,-8.517266187050302,1013
384,32.18373702422112,1013
385,38.62852233676941,1013
386,39.1041522491346,1013
387,35.9660660660657,1013
388,119.53503649635152,1016
389,42.81666666666629,1016
390,39.34444444444408,1016
391,86.68832116788435,1026
392,30.690273556230636,1026
393,32.21454005934684,1026
394,-13.293277310924298,1029
395,-4.82924187725634,1029
396,7.635849056603579,1029
397,36.56666666666633,1031
398,4.120532319391524,1031
399,12.701556420233562,1031
400,16.831407942238044,1031
401,1.9284697508897755,1031
402,-4.604249291784667,1031
403,43.160073260072934,1031
404,36.56666666666643,1031
405,-0.09999999999990661,1031
406,68.26065573770504,1044
407,39.104152249134614,1045
408,42.56435986159137,1045
409,47.39077490774904,1045
410,52.887551867220324,1045
411,41.551090342678805,1045
412,45.986956521739025,1045
413,52.25294117647093,1045
414,46.54233576642324,1045
415,36.7789808917194,1045
416,108.08181818181936,1049
417,68.31269841269959,1049
418,35.0465798045599,1049
419,-0.579704797048046,1049
420,-4.269741697416979,1049
421,9.185714285714313,1049
422,53.233333333333775,1049
423,110.83959731543746,1050
424,41.5845878136197,1050
425,36.566666666666336,1050
426,44.36808510638273,1050
427,46.31196013289024,1050
428,41.57235494880512,1050
429,47.10588235294116,1050
430,43.32657342657309,1050
431,-47.53020134228209,1050
432,10.780503144653858,1052
433,-6.844186046511597,1052
434,0.2030303030303193,1052
435,24.882817869415447,1060
436,-9.047368421052575,1060
437,-11.466459627329119,1060
438,51.53265306122476,1060
439,128.14915824915943,1067
440,36.56666666666632,1067
441,-51.7068493150687,1067
442,18.772180451127447,1068
443,-9.92708933717572,1068
444,-9.76101694915247,1068
445,7.9622837370242046,1068
446,-1.2538461538460999,1068
447,-1.0090909090908629,1068
448,-8.20218978102185,1068
449,41.074377224198926,1071
450,0.1013422818792758,1071
451,25.455555555555186,1071
452,-2.889115646258544,1071
1,1.7021201413428195,1071
2,-3.3824427480916115,1071
1,-9.96577181208046,1071
2,-9.481443298969008,1071
3,23.233333333333096,1072
4,23.13193916349805,1072
5,18.34290657439415,1072
6,-0.9029197080291087,1072
7,9.115686274509834,1072
8,11.700643086816823,1072
9,4.264261168384984,1072
10,29.159259259259127,1072
11,18.009965635738773,1078
12,-11.112658227848028,1078
13,-4.920143884892083,1078
14,14.064037854889385,1078
15,-4.29354838709672,1078
16,-3.5219269102990256,1078
17,18.511111111111003,1078
18,5.614285714285665,1078
19,6.664705882353038,1078
20,-1.8314487632508218,1078
21,-2.4076923076922654,1078
22,5.487188612099484,1081
23,32.39999999999966,1081
24,-7.959778597785904,1081
25,-0.688235294117607,1081
26,9.534146341463522,1081
27,12.005263157894603,1082
28,-4.269741697416903,1083
29,6.634693877551129,1083
30,-9.481443298969,1083
31,2.0428571428572404,1083
32,52.04285714285681,1085
33,5.2356890459364624,1085
34,3.5700336700336943,1085
35,-5.099999999999959,1085
36,-15.39411764705875,1085
37,-7.44627831715203,1086
38,-6.127397260273906,1086
39,-8.74768683274014,1086
40,-12.105141388174735,1086
41,-2.7027397260273385,1086
42,2.1580645161290417,1086
43,5.614285714285717,1086
44,-4.041368078175823,1086
45,1.9512820512819533,1086
46,39.741269841269514,1087
47,2.0543408360129387,1087
48,-5.857575757575697,1087
49,-5.962068965517199,1089
50,1.445741324921058,1089
51,27.52711864406769,1089
52,-8.747686832740145,1089
53,-4.210032362459474,1089
1,1.5901408450703527,1089
2,38.97894736842084,1089
3,42.0649484536079,1089
4,36.35569620253129,1095
5,-60.51074918566799,1098
6,-66.29649122807048,1098
7,-11.581481481481417,1098
8,-1.0090909090909055,1098
9,27.661732851985576,1098
10,33.191139240505976,1098
11,81.84029850746379,1100
12,34.31717791411011,1100
13,66.42509652509762,1107
14,42.0649484536079,1107
15,34.83506493506458,1107
16,-53.71036789297681,1108
17,1.8488817891374127,1108
18,-3.784210526315786,1108
19,4.783720930232546,1108
20,-7.6641025641024925,1108
21,-6.844186046511609,1108
22,-9.120979020978947,1108
23,43.429411764705534,1108
24,11.422491349480914,1108
25,2.274100719424511,1108
26,62.20610687022969,1108
27,-11.862917933130625,1108
28,-10.033110367892904,1108
29,4.743205574912773,1111
30,-8.517266187050309,1111
31,-8.75853658536578,1111
32,35.83406593406564,1111
33,1.6460317460317029,1111
34,16.32857142857108,1111
35,17.17272727272691,1114
36,27.87101449275348,1115
37,43.58421052631544,1115
38,5.111267605633644,1115
39,13.536363636363328,1115
40,45.439568345323416,1115
41,17.368354430379412,1115
42,-9.481443298969008,1115
43,-6.045017182130575,1116
44,38.081818181817795,1116
45,47.96691449814124,1116
46,36.12516556291353,1116
47,-50.39292929292948,1119
48,36.973170731706944,1119
49,47.966914498141314,1119
50,38.865517241378946,1119
51,6.1318840579711225,1119
52,48.753046594982,1119
53,59.33089430894392,1119
54,-7.543143812708109,1119
55,33.4451505016719,1119
56,33.72978723404223,1119
57,2.5797385620915696,1119
58,34.41612903225778,1119
59,7.700687285223163,1122
60,2.746715328467015,1122
61,49.322382671479815,1122
62,26.040350877192978,1122
63,1.052647975077928,1122
64,13.252601156069186,1123
65,25.072413793103102,1123
66,24.882817869415454,1123
67,18.407462686566802,1123
68,21.446391752576957,1123
69,26.682334384857718,1123
70,12.153521126760294,1123
71,14.573539518900004,1123
72,20.920408163264952,1123
73,22.347552447552104,1123
74,6.485365853658351,1123
75,12.910752688171746,1123
76,7.571232876712111,1123
77,2.9882352941175196,1123
78,17.038047138046807,1123
79,3.746153846153739,1123
80,6.485365853658372,1123
81,4.029692832764368,1128
82,2.3909747292417634,1129
83,11.25338345864634,1130
84,7.188135593220148,1133
85,-2.418339100346035,1133
86,51.33322475570039,1133
87,50.19197080291976,1133
88,158.30579710145017,1133
89,45.986956521738925,1133
90,39.20693069306894,1133
91,39.206930693068934,1133
92,10.440540540540589,1133
93,-0.24925373134330367,1133
94,-5.277304964538963,1134
95,19.242105263157793,1136
96,35.47377049180295,1136
97,32.17703180212078,1137
98,20.259712230215484,1137
99,-8.121978021977982,1137
100,4.865034965035003,1137
101,8.094444444444445,1137
102,43.58421052631569,1137
103,29.96006006005971,1137
104,50.981081081081335,1137
105,42.612280701755,1137
106,-5.3650176678445005,1137
107,-1.7981132075471258,1137
108,32.399999999999636,1138
109,50.0526717557251,1138
110,8.199280575539987,1138
111,39.5864111498254,1146
112,0.7219178082192704,1147
113,35.90660066006579,1153
114,2.5086956521737975,1153
115,-0.19966777408644956,1153
116,-1.1743801652892019,1153
117,-8.281818181818146,1153
118,46.542335766422994,1153
119,4.275000000000086,1153
120,7.213432835820697,1153
121,19.3699646643106,1153
122,-0.49473684210532454,1153
123,4.865034965034841,1153
124,0.6167235494879537,1153
125,15.354545454545137,1154
126,-0.10000000000006504,1154
127,1.149999999999992,1155
128,2.746715328467207,1155
129,18.00996563573846,1155
130,-1.1526315789474066,1155
131,5.111267605633634,1155
132,2.158064516128928,1155
133,-83.54193548387111,1155
134,32.40000000000002,1157
135,-1.886833855799421,1157
136,-0.2986754966886967,1158
137,14.180442804427818,1158
138,-1.874193548387152,1158
139,1.258885017421651,1158
140,-0.4947368421052748,1159
141,-7.149180327868779,1159
142,-6.127397260273957,1160
143,15.674647887323882,1167
144,-15.039759036144504,1167
145,-1.0677419354839384,1167
146,28.36153846153815,1167
147,19.744236760124455,1167
148,2.0428571428572315,1167
149,4.600315457413114,1167
150,6.689297658862682,1167
151,3.2333333333331993,1167
152,13.378260869565002,1170
153,-13.32147651006704,1170
154,84.71481481481602,1175
155,35.32056074766322,1175
156,49.74790874524725,1175
157,2.25705329153665,1179
158,13.72470119521879,1180
159,-13.093197278911493,1180
160,7.635849056603561,1180
161,-14.523676012460987,1180
162,10.716326530611981,1180
163,-9.965771812080485,1180
164,0.9344827586206416,1180
165,3.9136054421767326,1180
166,29.423809523809155,1180
167,5.111267605633634,1180
168,5.235689045936233,1180
169,1.59014084507031,1180
170,3.344816053511581,1180
171,3.2333333333332064,1180
172,2.0428571428570326,1180
173,-0.8792207792208412,1180
174,8.067938931297498,1180
175,-0.9737864077670604,1180
176,1.0418685121106224,1180
177,0.6167235494879644,1180
178,3.3572490706318328,1180
179,-2.9915662650602823,1180
180,4.919455252918118,1180
181,-7.149180327868779,1180
182,37.54705882352909,1188
183,-3.2343283582089626,1188
184,0.7219178082190733,1188
185,32.774251497005615,1188
186,6.566666666666597,1188
187,-88.58911564625856,1190
188,2.473289902280019,1190
189,21.560516605165702,1190
190,-62.47021276595776,1197
191,0.3878048780487904,1197
192,53.1711864406785,1197
193,-13.321476510067054,1197
194,-4.9201438848920205,1197
195,-89.85384615384623,1197
196,42.56435986159136,1197
197,46.28888888888878,1197
198,40.84594594594561,1197
199,45.76206896551705,1197
200,50.48608058608083,1197
201,45.76206896551711,1197
202,36.36525679758274,1197
203,48.84736842105268,1197
204,40.13411371237421,1197
205,-57.13505154639209,1200
206,0.5122448979592714,1202
207,-10.099999999999941,1202
208,2.7358208955223833,1202
209,6.131884057970828,1202
210,-86.91176470588252,1202
211,-4.077695167286171,1202
212,-9.338754325259469,1202
213,-9.751162790697625,1202
214,-71.363112391931,1202
215,2.3909747292419232,1202
216,-0.6882352941175928,1202
217,0.40847457627125716,1207
218,27.45395683453207,1207
219,-13.760130718954178,1207
220,17.377744807121417,1210
221,20.575675675675512,1216
222,-13.093197278911493,1216
223,-9.965771812080462,1218
224,10.490405904058825,1219
225,-3.344147157190664,1219
226,7.922813688212948,1224
227,2.02851405622477,1224
228,-2.6490196078432087,1225
229,42.892700729926894,1225
230,6.3372469635626185,1228
231,34.88194945848366,1230
232,-0.8792207792208234,1234
233,-11.112658227848028,1234
234,1.7021201413427645,1234
235,3.7345864661652652,1234
236,-83.0774086378739,1234
237,-5.177881619937688,1234
238,50.89688473520249,1234
239,42.1021660649816,1234
240,-10.282352941176043,1235
241,9.755072463768121,1235
242,7.9952380952381965,1235
243,19.195774647886978,1236
244,15.502605863191894,1241
245,-14.523676012460987,1241
246,6.263636363636444,1243
247,-5.1889679715302695,1244
248,3.990909090908962,1247
249,-4.540894568690108,1248
250,7.062162162162117,1249
251,-4.6454545454545695,1249
252,14.344444444444209,1250
253,-13.813355048859862,1251
254,-0.5797047970480318,1253
255,17.519047619047356,1253
256,10.193040293040253,1258
257,-3.280076628352539,1260
258,-12.738888888888818,1260
259,126.27860082304602,1263
260,9.468345323740905,1263
261,14.147787610619401,1263
262,-0.579704797048046,1263
263,-3.7070381231670932,1263
264,-13.706557377049107,1266
265,-11.581481481481408,1266
266,-14.856097560975536,1268
267,-11.512639405204387,1276
268,3.7983050847458038,1276
269,-50.835051546392,1276
270,-10.682524271844587,1276
271,9.723008849557262,1283
272,-12.917869415807488,1284
273,-12.04945848375444,1285
274,-4.269741697417,1285
275,-3.697359735973615,1285
276,-0.24925373134337472,1287
277,-12.917869415807488,1287
278,26.637588652481938,1291
279,-13.093197278911493,1291
280,-3.484030418250982,1304
281,-12.295845697329304,1304
282,-13.652631578947297,1304
283,-0.024812030075268526,1304
284,-13.035153583617673,1304
285,-4.269741697417,1304
286,-1.4261648745519004,1304
287,-10.033110367892904,1304
288,14.017647058823478,1305
289,-8.04117647058818,1305
290,-13.918770226537143,1305
291,-8.594623655913926,1305
292,-14.074358974358901,1305
293,-12.17885304659491,1305
294,-14.667901234567829,1305
295,-4.863406940063104,1305
296,-9.194076655052209,1305
297,-12.858620689655101,1305
298,-6.997689768976871,1305
299,27.527118644067414,1319
300,-8.517266187050309,1320
301,-80.43022508038598,1320
302,-13.433333333333284,1320
303,-14.226984126984055,1320
304,1.149999999999888,1320
305,-2.236222910216763,1320
306,-11.443283582089478,1320
307,0.7880308880307981,1320
308,-3.3824427480916506,1320
309,14.180442804427988,1322
310,-13.208108108108034,1322
311,-13.970967741935413,1322
312,2.867032967032843,1323
313,-11.512639405204387,1327
314,-15.732183908045904,1328
315,-3.9562091503268184,1329
316,-13.488704318936804,1330
317,6.689297658862717,1330
318,-1.323021582733866,1332
319,-10.363157894736771,1332
320,-11.775392670156998,1332
321,-12.11438848920856,1332
322,-7.807006369426713,1332
323,-14.125559105431236,1332
324,-11.581481481481408,1334
325,-14.474999999999927,1334
326,-15.773352435530013,1334
327,22.164808362368966,1342
328,-12.55614035087712,1342
329,-8.36086956521734,1342
330,-12.55614035087712,1342
331,-13.918770226537143,1344
332,-3.254362416107412,1345
333,-6.997689768976878,1345
334,-0.39702970297037554,1345
335,17.845205479451863,1345
336,-2.062616822429961,1347
337,17.038047138046792,1352
338,-14.277215189873345,1352
339,0.7219178082192669,1359
340,-13.32147651006704,1359
341,-12.79896193771619,1362
342,-3.6849056603774013,1363
343,-13.093197278911493,1363
344,-9.047368421052571,1365
345,9.045907473309555,1366
346,-14.0743589743589,1366
347,-12.678397212543482,1366
348,22.745528455284365,1373
349,1.7725099601593564,1373
350,-13.706557377049107,1373
351,-1.9309859154928846,1374
352,-3.956209150326815,1374
353,0.8278350515462878,1374
354,-14.902431610942175,1374
355,-10.033110367892904,1374
356,14.268600682593554,1375
357,-13.321476510067038,1375
358,-14.57204968944092,1375
359,-10.492156862745034,1376
360,-14.32712933753936,1376
361,-3.1639730639730863,1377
362,0.9077519379843993,1377
363,-13.150847457627046,1377
364,19.545390070921634,1377
365,46.528352490421106,1381
366,16.879865771811918,1382
367,-0.09999999999991549,1382
368,-4.9201438848921075,1382
369,-13.208108108108034,1382
370,-7.71194029850742,1382
371,-15.039759036144504,1382
372,21.415151515151273,1384
373,-11.373408239700302,1384
374,-13.598349834983425,1384
375,-9.481443298969008,1384
376,-10.568749999999927,1384
377,-9.829729729729655,1384
378,-9.622184300341225,1384
379,-12.43215547703173,1384
380,-12.24285714285707,1384
381,4.71012658227834,1386
382,-11.717647058823458,1386
383,-12.306405693950104,1386
384,-14.32712933753936,1386
385,-13.813355048859862,1386
386,-1.00909090909098,1386
387,-13.970967741935413,1386
388,-13.264983164983091,1386
389,-12.114388489208562,1386
390,-15.039759036144504,1386
391,-7.073684210526292,1386
392,-13.598349834983425,1386
393,-9.52386831275715,1386
394,-11.30300751879692,1386
395,-10.099999999999925,1386
396,-12.04945848375444,1386
397,64.30559440559406,1386
398,-13.488704318936804,1386
399,-13.035153583617674,1386
400,-12.306405693950104,1386
401,-13.598349834983425,1386
402,-2.862645914396948,1386
403,-10.363157894736771,1386
404,-13.321476510067038,1387
405,-12.97671232876705,1387
406,-13.150847457627046,1387
407,26.580161943319467,1390
408,-15.480116959064254,1390
409,-14.809480122324086,1390
410,-14.32712933753936,1390
411,-14.620123839009214,1391
412,46.26363636363597,1392
413,-12.494366197183025,1392
414,-9.552054794520481,1392
415,-15.60724637681152,1392
416,-12.24285714285707,1392
417,-12.917869415807488,1392
418,-12.678397212543482,1392
419,-14.57204968944092,1392
420,-12.678397212543482,1393
421,22.71690140845036,1398
422,40.32253521126729,1398
423,23.25087719298287,1400
424,-1.1610932475884892,1400
425,9.740637450198951,1402
426,8.510038610038398,1404
427,-1.1982658959538026,1404
428,-11.717647058823458,1404
429,-11.984057971014419,1405
430,9.115686274509551,1405
431,-12.135928143712501,1405
432,7.571232876712111,1405
433,-11.30300751879692,1405
434,-9.266666666666602,1405
435,-13.035153583617674,1405
436,5.614285714285558,1406
437,-84.94193548387113,1406
438,-11.784981684981613,1406
439,50.03937282229931,1406
440,1.0284046692607811,1406
441,-11.443283582089478,1406
442,-6.997689768976847,1406
443,35.68947368421042,1406
444,-35.96906474820102,1411
445,-1.731205673758798,1416
446,-2.0626168224298436,1420
447,-4.45897435897437,1420
448,5.360992907801309,1425
449,-8.041176470588198,1425
450,-13.035153583617673,1425
451,-12.97671232876705,1425
452,-13.706557377049107,1425
453,-12.658139534883649,1425
454,48.25820895522354,1425
455,-12.369503546099219,1425
456,40.821985815602474,1428
457,-14.426018808777357,1428
458,-15.307100591715903,1428
459,42.41908396946527,1435
460,37.38466257668679,1442
461,-11.373408239700302,1444
462,-13.150847457627046,1444
463,-13.208108108108034,1446
464,14.076706827309145,1448
465,-11.918181818181745,1448
466,-11.512639405204387,1449
467,-15.084984984984914,1449
468,-14.474999999999927,1449
469,-7.475565610859718,1449
470,-11.30300751879692,1449
471,-12.369503546099219,1449
472,15.514035087718964,1462
473,-13.093197278911493,1463
474,-12.858620689655101,1463
475,-13.433333333333259,1463
476,-11.23207547169804,1466
477,2.4203252032520126,1467
478,-14.620123839009214,1467
479,-10.869230769230695,1467
480,-14.176433121019034,1468
481,-13.093197278911493,1468
482,10.855631399317454,1468
483,42.99941520467823,1469
484,-15.339852398523924,1469
485,-14.994259818731061,1469
486,-13.208108108108036,1469
487,-0.4703703703704488,1470
488,-8.67142857142851,1470
489,-13.813355048859862,1470
490,-10.099999999999925,1471
491,3.1103321033209084,1471
492,-10.298019801980125,1471
493,9.326523297490814,1472
494,20.68124999999967,1472
495,19.899999999999633,1473
496,-15.81428571428564,1473
497,-11.581481481481408,1474
498,2.746715328467235,1475
499,-14.809480122324086,1475
500,-13.208108108108034,1475
501,-14.32712933753936,1482
502,-13.264983164983091,1483
503,-8.360869565217318,1486
504,-3.584848484848528,1493
505,-10.427868852458943,1493
506,0.3347826086955411,1494
507,-4.269741697417,1494
508,-10.437078651685322,1495
509,-3.4840304182509927,1496
510,-11.30300751879692,1497
511,34.835064935064565,1497
512,-12.306405693950104,1497
513,-10.099999999999925,1500
514,21.018210862619647,1501
515,-11.984057971014419,1501
516,-7.959778597785936,1501
517,-3.4333333333333735,1501
518,-13.970967741935414,1501
519,10.640740740740664,1505
520,18.443689320388003,1512
521,-3.609933774834369,1518
522,15.03888888888854,1519
523,3.5700336700337334,1524
524,-8.36086956521734,1524
525,17.519047619047356,1524
526,13.695620437956077,1524
527,10.577966101694797,1538
528,11.71184668989533,1540
529,-8.59462365591393,1540
530,1.3465408805032415,1540
531,-10.427868852458943,1542
532,-90.87030716723565,1542
533,-10.427868852458943,1543
534,39.34444444444408,1544
535,36.56666666666632,1544
536,51.612062256809665,1544
537,-54.77801418439747,1546
538,6.937037037037035,1546
539,-7.735782747603761,1549
540,-13.035153583617673,1549
541,16.257615894039397,1549
542,-4.942767295597493,1549
543,0.2030303030303303,1551
544,48.84736842105249,1557
545,8.510038610038551,1557
546,-16.540677966101644,1557
547,-16.766666666666612,1557
548,-13.59834983498343,1557
549,36.80140845070399,1557
550,-11.695092024539829,1557
551,-9.338754325259442,1561
552,33.80977443608995,1568
553,-12.79896193771619,1568
554,-13.150847457627046,1568
555,1.928469750889565,1568
556,-13.377591973244074,1568
557,3.2333333333334213,1575
558,-12.917869415807488,1575
559,9.115686274509743,1586
560,-10.232450331125754,1589
561,-10.869230769230699,1592
562,-10.298019801980125,1592
563,0.8278350515464548,1593
564,-9.965771812080463,1594
565,-15.39411764705875,1595
566,-4.0776951672862864,1596
567,-13.035153583617674,1596
568,-8.360869565217348,1596
569,-11.052380952380881,1596
570,-11.172555205047246,1596
571,1.6460317460318006,1597
572,-13.093197278911493,1599
573,-13.321476510067042,1599
574,20.067224080267216,1601
575,-13.264983164983091,1602
576,26.37840531561452,1604
577,18.51111111111075,1604
578,55.92150537634395,1604
579,-11.052380952380881,1604
580,6.566666666666473,1604
581,27.04285714285688,1610
582,-13.54370860927145,1610
583,-3.072972972973015,1610
584,-3.1639730639731076,1611
585,51.29534883720893,1619
586,-10.869230769230699,1619
587,-11.984057971014419,1619
588,57.68625954198494,1619
589,-12.17885304659491,1619
590,-7.795167286245318,1619
591,12.383660130718676,1619
592,11.971197411003091,1621
593,1.6460317460316212,1621
594,-11.58148148148141,1622
595,-13.150847457627046,1625
596,-13.150847457627046,1625
597,-2.6490196078432087,1628
598,-6.361127596439134,1630
599,-7.959778597785915,1633
600,-8.973239436619666,1633
601,-11.695092024539804,1633
602,2.579738562091596,1634
603,-7.877777777777741,1634
604,-11.649815498154908,1635
605,25.844055944055583,1637
606,-0.6882352941177242,1637
607,-12.55614035087712,1637
608,-13.208108108108034,1637
609,-6.921192052980109,1638
610,-14.620123839009214,1638
611,-14.277215189873345,1644
612,-12.369503546099219,1644
613,-4.783544303797482,1645
614,-12.678397212543482,1645
615,-11.052380952380881,1645
616,-4.942767295597486,1645
617,-13.652631578947297,1646
618,-13.150847457627046,1652
619,15.674647887323637,1661
620,-14.277215189873344,1661
621,-15.039759036144504,1661
622,-14.125559105431236,1661
623,-16.513043478260805,1661
624,-2.4320158102767486,1661
625,9.373684210526159,1661
626,17.823322683705857,1664
627,-0.0999999999999368,1666
628,0.4343511450380777,1666
629,0.5122448979592243,1669
630,-4.293548387096724,1669
631,15.952631578947026,1672
632,-0.10000000000008635,1673
633,-4.458974358974391,1673
634,-2.0626168224299573,1673
635,1.8488817891372777,1680
636,3.0125827814568273,1680
637,1.0418685121106224,1680
638,2.903300330032885,1680
639,-77.35882352941195,1680
640,46.263636363636124,1680
641,37.42411575562668,1680
642,31.288927335640494,1680
643,57.442087542088245,1681
644,36.56666666666633,1681
645,-58.065886287625744,1681
646,-13.035153583617683,1681
647,-15.129940119760418,1681
648,-16.540677966101647,1681
649,-11.984057971014424,1681
650,15.87701149425287,1681
651,10.640740740740611,1683
652,2.367532467532523,1683
653,9.755072463768121,1686
654,4.029692832764528,1688
655,5.965573770491774,1689
656,17.172727272726917,1689
657,10.193040293040232,1690
658,3.6837837837838574,1692
659,24.61124620060756,1693
660,8.609677419354897,1698
661,-2.7962457337884348,1698
662,4.1205323193917005,1699
663,-4.622292993630587,1699
664,2.988235294117516,1699
665,-10.427868852458943,1699
666,52.178481012658416,1700
667,-8.156426332288353,1700
668,71.2986013986016,1705
669,18.956603773584632,1710
670,-1.7981132075470954,1712
671,49.51783439490412,1713
672,-0.9454810495626009,1715
673,-0.5918032786885885,1716
674,8.4756676557863,1716
675,53.53636363636325,1717
676,20.079211469533792,1718
677,-10.794980694980628,1719
678,-1.930985915493025,1719
679,14.592737430167334,1720
680,15.196167247386564,1721
681,-3.784210526315715,1721
682,-10.099999999999927,1721
683,-0.13745318352068348,1721
684,6.664705882352877,1724
685,0.08867924528293009,1725
686,-10.019678714859381,1725
687,-9.047368421052578,1726
688,23.69746835443015,1727
689,4.515384615384603,1727
690,4.649034749034598,1727
691,-0.7744868035190108,1727
692,-14.226984126984055,1727
693,24.694520547944855,1728
694,19.080327868852393,1729
695,1.1499999999998916,1729
696,7.442662116040978,1730
697,-9.120979020978947,1730
698,-4.540894568690112,1730
699,31.67606177606141,1730
700,-6.4513513513513345,1730
701,-0.5797047970480531,1730
702,-8.898586572438113,1730
703,-1.9309859154930213,1730
704,12.153521126760362,1731
705,-9.194076655052212,1731
706,53.536363636363376,1733
707,-2.9682170542636226,1733
708,-13.598349834983425,1734
709,-6.1479041916167585,1735
710,3.012582781456948,1736
711,-0.13745318352069058,1741
712,30.875609756097383,1741
713,23.471428571428422,1741
714,-12.081981981981906,1741
715,37.46756756756734,1741
716,26.756187290969592,1742
717,8.659689922480654,1744
718,9.468345323741023,1746
719,-1.528571428571494,1749
720,3.9909090909089264,1749
721,17.80419161676612,1749
722,10.440540540540297,1750
723,-7.591961414790925,1750
724,-81.49792387543269,1750
725,9.655351681957107,1757
726,19.899999999999665,1757
727,-5.100000000000017,1757
728,-7.298697068403861,1758
729,35.04657980455992,1758
730,22.20769230769197,1759
731,17.69411764705854,1759
732,50.03937282229957,1760
733,12.804290429042723,1761
734,-3.0729729729730293,1764
735,3.2333333333332064,1766
736,8.861038961038899,1767
737,-8.82340425531909,1767
738,27.33243243243212,1770
739,-1.630249110320346,1770
740,37.06417910447726,1770
741,-8.041176470588205,1770
742,-86.30780669145005,1772
743,-17.754320987654292,1772
744,-14.667901234567852,1772
745,12.513636363636468,1772
746,16.592607003891125,1772
747,52.43968253968254,1772
748,48.58852459016361,1774
749,41.56123778501591,1774
750,57.491240875912055,1778
751,144.1424242424253,1778
752,56.70555555555578,1779
753,120.0831501831514,1782
754,44.36808510638273,1782
755,-20.599999999999426,1782
756,58.035593220338825,1783
757,34.62491909385078,1783
758,13.910256410256821,1783
759,26.946979865771453,1783
760,32.39999999999972,1785
761,4.491194968553465,1787
762,-9.047368421052578,1787
763,14.117687074829808,1787
764,14.344444444444202,1788
765,-5.538596491228079,1788
766,16.494982078852896,1790
767,30.968702290075967,1791
768,9.373684210526191,1791
769,-10.363157894736771,1791
770,11.566666666666668,1793
771,23.856834532373774,1793
772,45.557894736841874,1796
773,0.6692307692306758,1796
774,-11.918181818181745,1796
775,20.809090909090564,1796
776,-7.224183006535913,1796
777,-6.451351351351338,1796
778,-4.4589743589743875,1796
779,20.624637681159356,1796
780,-6.5309764309764216,1796
781,-6.127397260273968,1796
782,28.319243986254016,1796
783,-9.33875432525946,1797
784,25.870149253730972,1811
785,-3.980597014925413,1811
786,11.835483870967746,1815
787,-11.695092024539804,1817
788,6.6892976588629605,1817
789,-7.372727272727234,1818
790,8.238658146964957,1818
791,-10.556026058631849,1818
792,13.221299638988874,1818
793,-6.933976833976827,1819
794,18.51111111111082,1819
795,-10.156980056979984,1819
796,-6.610067114093926,1819
797,28.361538461538125,1819
798,15.952631578947317,1820
799,-9.965771812080467,1820
800,-2.492638036809751,1820
801,27.4539568345321,1820
802,7.962283737024238,1820
803,8.227526132404005,1821
804,26.83950177935916,1824
805,18.956603773584547,1824
806,11.971197411003038,1824
807,0.08867924528293009,1825
808,-7.877777777777734,1826
809,26.718181818181485,1826
810,-1.00909090909098,1827
811,17.51904761904742,1828
812,-12.081981981981912,1828
813,19.545390070921655,1828
814,11.197935103244683,1828
815,43.974074074073876,1828
816,36.14605678233415,1828
817,-2.5137931034482013,1828
818,14.180442804427733,1828
819,10.193040293040267,1828
820,-8.42817337461295,1828
821,27.527118644067457,1836
822,37.801234567900934,1841
823,15.207443365695553,1841
824,5.742293906809897,1843
825,16.879865771811815,1843
826,0.7641975308641785,1853
827,-3.882771535580555,1853
828,-8.898586572438113,1854
829,35.93773584905633,1854
830,36.16506024096348,1857
831,64.53722397476326,1863
832,58.3615384615387,1866
833,46.82307692307657,1867
834,32.19508196721278,1874
835,44.10494699646615,1877
836,64.97042253521244,1878
837,88.28006230529644,1880
838,31.019672131148155,1880
839,-9.965771812080465,1880
840,-5.878546712802759,1880
841,-7.795167286245322,1880
842,-9.965771812080465,1880
843,4.8650349650348055,1881
844,7.074721189590875,1883
845,0.5748466257667789,1883
846,5.111267605633637,1883
847,4.029692832764361,1883
848,3.955727554179434,1883
849,2.794736842105148,1883
850,3.798305084745618,1891
851,2.5086956521737833,1891
852,-86.35111821086275,1891
853,21.624137931034184,1891
854,-13.488704318936819,1891
855,24.04012738853492,1891
856,26.839501779359104,1892
857,26.718181818181527,1893
858,34.08918918918892,1894
859,16.494982078852757,1894
860,8.769257950529807,1894
861,10.855631399317211,1896
862,19.195774647887085,1896
863,-8.281818181818139,1896
864,-3.2800766283525427,1897
865,37.03780918727882,1898
866,28.927777777777493,1902
867,-2.968217054263605,1902
868,-3.43333333333326,1910
869,-5.365017667844535,1910
870,23.591275167785007,1910
871,25.64912891986034,1910
872,16.41162790697646,1910
873,13.378260869564999,1910
874,6.044578313252977,1910
875,13.37826086956501,1910
876,14.771794871794642,1910
877,36.80140845070401,1912
878,33.233333333333036,1914
879,-5.365017667844457,1914
880,-4.36470588235297,1914
881,-4.36470588235297,1915
882,16.49498207885277,1916
883,-11.512639405204402,1916
884,28.493749999999785,1916
885,18.443689320388394,1916
886,54.84208494208485,1916
887,41.84244604316512,1916
888,56.7055555555557,1917
889,44.24944237918193,1917
890,13.414191419143066,1917
891,50.70808080808055,1917
892,16.257615894039837,1917
893,-2.0999999999999335,1917
894,-5.332198142414786,1917
895,-5.188967971530186,1919
896,50.35977011494233,1920
897,-6.610067114093944,1920
898,12.453191489361469,1922
899,11.711846689895223,1923
900,3.122591362126195,1923
901,14.203797468354121,1924
902,44.40980392156826,1924
903,24.50750853242286,1924
904,19.02280701754352,1924
905,6.084210526315669,1924
906,25.870149253731064,1925
907,44.36808510638261,1925
908,22.301746724890563,1925
909,2.0543408360127966,1926
910,27.139057239056996,1926
911,13.23333333333305,1927
912,-1.528571428571494,1927
913,27.247670250895688,1936
914,18.009965635738574,1936
915,26.14999999999975,1936
916,11.725095057034201,1936
917,20.693650793650512,1936
918,53.55019011406821,1936
919,10.147678018575716,1936
920,37.46756756756727,1936
921,23.359119496855016,1936
922,22.187581699346108,1937
923,22.017263843647868,1937
924,20.2355704697983,1940
925,38.22298136645933,1940
926,16.05384615384582,1944
927,48.937800687284934,1944
928,17.681569965870132,1945
929,-5.53859649122802,1945
930,16.257615894039475,1946
931,-8.156426332288339,1947
932,14.117687074829666,1947
933,-10.619480519480446,1947
934,34.74641638225226,1947
935,29.549122807017277,1948
936,18.772180451127525,1949
937,1.814893617021153,1952
938,24.040127388534685,1952
939,51.17208480565372,1952
940,-2.029824561403574,1952
941,65.30636042402811,1952
942,13.065467625899256,1952
943,19.022807017543535,1952
944,-7.298697068403875,1952
945,29.96006006005978,1952
946,15.35454545454518,1954
947,0.10134228187924915,1954
948,13.524161073825313,1958
949,18.009965635738503,1958
950,12.66315789473667,1958
951,-1.1743801652893493,1958
952,-1.161093247588482,1958
953,-6.61006711409394,1958
954,33.729787234042256,1958
955,-6.997689768976871,1958
956,-9.015662650602344,1959
957,-2.7443768996959803,1959
958,35.47377049180295,1959
959,-13.32147651006704,1962
960,14.420547945205143,1962
961,4.146575342465654,1962
962,-13.208108108108034,1962
963,-10.298019801980125,1962
964,40.6070707070704,1962
965,-7.073684210526288,1962
966,20.532911392404706,1962
967,-4.995397489539785,1962
968,25.627554179566218,1962
969,-5.010394265232939,1964
970,-13.093197278911493,1964
971,11.409433962263932,1964
972,11.43354632587856,1968
973,-9.691836734693819,1968
974,-4.9201438848921075,1968
975,23.280782918149146,1969
976,-0.7840390879478429,1969
977,6.0842105263157436,1969
978,28.265758754863498,1970
979,44.899999999999665,1970
980,3.4820895522387767,1970
981,13.818918918918644,1970
982,-8.898586572438116,1971
983,35.643944636677915,1971
984,18.75993485341992,1972
985,-3.1639730639731076,1972
986,7.188135593220247,1976
987,39.26416184971065,1976
988,18.175862068965195,1976
989,-4.82924187725634,1976
990,-6.76666666666665,1976
991,52.04285714285696,1978
992,-6.997689768976871,1978
993,46.82307692307673,1978
994,-6.209215017064842,1978
995,-6.6100671140939475,1978
996,16.87986577181173,1978
997,-1.8741935483871768,1978
998,9.899999999999991,1981
999,74.99554140127435,1982
1000,20.079211469533703,1982
1,16.48385093167667,1982
2,28.119178082191407,1983
3,22.334456928838858,1984
4,9.045907473309507,1984
5,8.361538461538458,1984
6,1.0418685121108018,1985
1,-8.12197802197795,20
2,1.396062992126018,22
